province_code,name_th,name_en,region4,dialect_group,border_country,centroid_lat,centroid_lon,region6
TH-10,กรุงเทพมหานคร,Bangkok,Central,Central,,,,ภาคกลาง
TH-11,สมุทรปราการ,Samut Prakan,Central,Central,,,,ภาคกลาง
TH-12,นนทบุรี,Nonthaburi,Central,Central,,,,ภาคกลาง
TH-13,ปทุมธานี,Pathum Thani,Central,Central,,,,ภาคกลาง
TH-14,พระนครศรีอยุธยา,Phra Nakhon Si Ayutthaya,Central,Central,,,,ภาคกลาง
TH-15,อ่างทอง,Ang Thong,Central,Central,,,,ภาคกลาง
TH-16,ลพบุรี,Lop Buri,Central,Central,,,,ภาคกลาง
TH-17,สิงห์บุรี,Sing Buri,Central,Central,,,,ภาคกลาง
TH-18,ชัยนาท,Chai Nat,Central,Central,,,,ภาคกลาง
TH-19,สระบุรี,Saraburi,Central,Central,,,,ภาคกลาง
TH-20,ชลบุรี,Chon Buri,Central,Central,,,,ภาคตะวันออก
TH-21,ระยอง,Rayong,Central,Central,,,,ภาคตะวันออก
TH-22,จันทบุรี,Chanthaburi,Central,Central,KH,,,ภาคตะวันออก
TH-23,ตราด,Trat,Central,Central,KH,,,ภาคตะวันออก
TH-24,ฉะเชิงเทรา,Chachoengsao,Central,Central,,,,ภาคตะวันออก
TH-25,ปราจีนบุรี,Prachin Buri,Central,Central,,,,ภาคตะวันออก
TH-26,นครนายก,Nakhon Nayok,Central,Central,,,,ภาคกลาง
TH-27,สระแก้ว,Sa Kaeo,Central,Central,KH,,,ภาคตะวันออก
TH-30,นครราชสีมา,Nakhon Ratchasima,Northeast,Transitional,,,,ภาคตะวันออกเฉียงเหนือ
TH-31,บุรีรัมย์,Buri Ram,Northeast,Isaan_Lao,KH,,,ภาคตะวันออกเฉียงเหนือ
TH-32,สุรินทร์,Surin,Northeast,Isaan_Lao,KH,,,ภาคตะวันออกเฉียงเหนือ
TH-33,ศรีสะเกษ,Si Sa Ket,Northeast,Isaan_Lao,KH,,,ภาคตะวันออกเฉียงเหนือ
TH-34,อุบลราชธานี,Ubon Ratchathani,Northeast,Isaan_Lao,LA|KH,,,ภาคตะวันออกเฉียงเหนือ
TH-35,ยโสธร,Yasothon,Northeast,Isaan_Lao,,,,ภาคตะวันออกเฉียงเหนือ
TH-36,ชัยภูมิ,Chaiyaphum,Northeast,Isaan_Lao,,,,ภาคตะวันออกเฉียงเหนือ
TH-37,อำนาจเจริญ,Amnat Charoen,Northeast,Isaan_Lao,LA,,,ภาคตะวันออกเฉียงเหนือ
TH-38,บึงกาฬ,Bueng Kan,Northeast,Isaan_Lao,LA,,,ภาคตะวันออกเฉียงเหนือ
TH-39,หนองบัวลำภู,Nong Bua Lam Phu,Northeast,Isaan_Lao,,,,ภาคตะวันออกเฉียงเหนือ
TH-40,ขอนแก่น,Khon Kaen,Northeast,Isaan_Lao,,,,ภาคตะวันออกเฉียงเหนือ
TH-41,อุดรธานี,Udon Thani,Northeast,Isaan_Lao,,,,ภาคตะวันออกเฉียงเหนือ
TH-42,เลย,Loei,Northeast,Transitional,LA,,,ภาคตะวันออกเฉียงเหนือ
TH-43,หนองคาย,Nong Khai,Northeast,Isaan_Lao,LA,,,ภาคตะวันออกเฉียงเหนือ
TH-44,มหาสารคาม,Maha Sarakham,Northeast,Isaan_Lao,,,,ภาคตะวันออกเฉียงเหนือ
TH-45,ร้อยเอ็ด,Roi Et,Northeast,Isaan_Lao,,,,ภาคตะวันออกเฉียงเหนือ
TH-46,กาฬสินธุ์,Kalasin,Northeast,Isaan_Lao,,,,ภาคตะวันออกเฉียงเหนือ
TH-47,สกลนคร,Sakon Nakhon,Northeast,Isaan_Lao,,,,ภาคตะวันออกเฉียงเหนือ
TH-48,นครพนม,Nakhon Phanom,Northeast,Isaan_Lao,LA,,,ภาคตะวันออกเฉียงเหนือ
TH-49,มุกดาหาร,Mukdahan,Northeast,Isaan_Lao,LA,,,ภาคตะวันออกเฉียงเหนือ
TH-50,เชียงใหม่,Chiang Mai,North,Kam_Mueang,MM,,,ภาคเหนือ
TH-51,ลำพูน,Lamphun,North,Kam_Mueang,,,,ภาคเหนือ
TH-52,ลำปาง,Lampang,North,Kam_Mueang,,,,ภาคเหนือ
TH-53,อุตรดิตถ์,Uttaradit,North,Kam_Mueang,LA,,,ภาคเหนือ
TH-54,แพร่,Phrae,North,Kam_Mueang,,,,ภาคเหนือ
TH-55,น่าน,Nan,North,Kam_Mueang,LA,,,ภาคเหนือ
TH-56,พะเยา,Phayao,North,Kam_Mueang,LA,,,ภาคเหนือ
TH-57,เชียงราย,Chiang Rai,North,Kam_Mueang,MM|LA,,,ภาคเหนือ
TH-58,แม่ฮ่องสอน,Mae Hong Son,North,Kam_Mueang,MM,,,ภาคเหนือ
TH-60,นครสวรรค์,Nakhon Sawan,North,Transitional,,,,ภาคกลาง
TH-61,อุทัยธานี,Uthai Thani,North,Transitional,,,,ภาคกลาง
TH-62,กำแพงเพชร,Kamphaeng Phet,North,Central,,,,ภาคเหนือ
TH-63,ตาก,Tak,North,Transitional,MM,,,ภาคตะวันตก
TH-64,สุโขทัย,Sukhothai,North,Central,,,,ภาคเหนือ
TH-65,พิษณุโลก,Phitsanulok,North,Central,LA,,,ภาคกลาง
TH-66,พิจิตร,Phichit,North,Central,,,,ภาคกลาง
TH-67,เพชรบูรณ์,Phetchabun,North,Transitional,,,,ภาคเหนือ
TH-70,ราชบุรี,Ratchaburi,Central,Transitional,MM,,,ภาคตะวันตก
TH-71,กาญจนบุรี,Kanchanaburi,Central,Transitional,MM,,,ภาคตะวันตก
TH-72,สุพรรณบุรี,Suphan Buri,Central,Central,,,,ภาคกลาง
TH-73,นครปฐม,Nakhon Pathom,Central,Central,,,,ภาคกลาง
TH-74,สมุทรสาคร,Samut Sakhon,Central,Central,,,,ภาคกลาง
TH-75,สมุทรสงคราม,Samut Songkhram,Central,Central,,,,ภาคตะวันตก
TH-76,เพชรบุรี,Phetchaburi,Central,Transitional,MM,,,ภาคตะวันตก
TH-77,ประจวบคีรีขันธ์,Prachuap Khiri Khan,Central,Transitional,MM,,,ภาคตะวันตก
TH-80,นครศรีธรรมราช,Nakhon Si Thammarat,South,Dambro,,,,ภาคใต้
TH-81,กระบี่,Krabi,South,Dambro,,,,ภาคใต้
TH-82,พังงา,Phangnga,South,Dambro,,,,ภาคใต้
TH-83,ภูเก็ต,Phuket,South,Dambro,,,,ภาคใต้
TH-84,สุราษฎร์ธานี,Surat Thani,South,Dambro,,,,ภาคใต้
TH-85,ระนอง,Ranong,South,Dambro,MM,,,ภาคใต้
TH-86,ชุมพร,Chumphon,South,Transitional,MM,,,ภาคใต้
TH-90,สงขลา,Songkhla,South,Dambro,MY,,,ภาคใต้
TH-91,สตูล,Satun,South,Transitional,MY,,,ภาคใต้
TH-92,ตรัง,Trang,South,Dambro,,,,ภาคใต้
TH-93,พัทลุง,Phatthalung,South,Dambro,,,,ภาคใต้
TH-94,ปัตตานี,Pattani,South,Malay,,,,ภาคใต้
TH-95,ยะลา,Yala,South,Malay,MY,,,ภาคใต้
TH-96,นราธิวาส,Narathiwat,South,Malay,MY,,,ภาคใต้
